start_time,end_time,segment_label
1208.96,1255.68,Faith in Law Enforcement Career
1480.24,1540.00,Medical Miracle Through Faith
1820.56,1890.80,Divine Favor in New Beginnings
2750.56,2775.00,Spiritual Favor Brings Worldly Visibility
2997.68,3015.00,Favor Decorates Your Life
3121.20,3145.00,Righteousness Attracts Favor
3180.56,3225.00,Favor Brings Advantage
3620.56,3635.00,Kingdom Mindset Over Worldly Thinking
3706.96,3765.00,Worldly Resources for Spiritual Purposes
3890.64,3915.00,God First in Life's Priorities